[
	{
		"title": "The Frog King, or Iron Henry"
	},
	{
		"title": "Our Lady's Child"
	},
	{
		"title": "The Story of a Youth Who Went Forth to Learn What Fear Was"
	},
	{
		"title": "The Wolf and the Seven Little Kids"
	},
	{
		"title": "Faithful John"
	},
	{
		"title": "The Good Bargain"
	},
	{
		"title": "The Twelve Brothers"
	},
	{
		"title": "Brother and Sister"
	},
	{
		"title": "Rapunzel"
	},
	{
		"title": "The Three Little Men in the Wood"
	},
	{
		"title": "The Three Spinners"
	},
	{
		"title": "Hansel and Grethel (called Gretel in this version)"
	},
	{
		"title": "The Three Snake-Leaves"
	},
	{
		"title": "The White Snake"
	},
	{
		"title": "The Valiant Little Tailor"
	},
	{
		"title": "Cinderella"
	},
	{
		"title": "The Riddle"
	},
	{
		"title": "Mother Holle"
	},
	{
		"title": "The Seven Ravens"
	},
	{
		"title": "Little Red-Cap"
	},
	{
		"title": "The Singing Bone"
	},
	{
		"title": "The Devil with the Three Golden Hairs"
	},
	{
		"title": "The Girl Without Hands"
	},
	{
		"title": "Clever Hans"
	},
	{
		"title": "The Three Languages"
	},
	{
		"title": "Clever Elsie"
	},
	{
		"title": "The Wishing-Table, The Gold-Ass, and The Cudgel in the Sack"
	},
	{
		"title": "Thumbling"
	},
	{
		"title": "The Elves (two stories)"
	},
	{
		"title": "The Robber Bridegroom"
	},
	{
		"title": "The Godfather"
	},
	{
		"title": "Frau Trude"
	},
	{
		"title": "Godfather Death"
	},
	{
		"title": "Thumbling as Journeyman"
	},
	{
		"title": "Fitcher's Bird"
	},
	{
		"title": "The Juniper-Tree"
	},
	{
		"title": "Old Sultan"
	},
	{
		"title": "The Six Swans"
	},
	{
		"title": "Little Briar-Rose"
	},
	{
		"title": "Fundevogel"
	},
	{
		"title": "King Thrushbeard"
	},
	{
		"title": "Little Snow-White"
	},
	{
		"title": "The Knapsack, The Hat, and The Horn"
	},
	{
		"title": "Rumpelstiltskin"
	},
	{
		"title": "Sweetheart Roland"
	},
	{
		"title": "The Golden Bird"
	},
	{
		"title": "The Two Brothers"
	},
	{
		"title": "The Queen Bee"
	},
	{
		"title": "The Three Feathers"
	},
	{
		"title": "The Golden Goose"
	},
	{
		"title": "Allerleirauh"
	},
	{
		"title": "The Hare's Bride"
	},
	{
		"title": "The Twelve Huntsmen"
	},
	{
		"title": "The Thief and His Master"
	},
	{
		"title": "The Three Sons of Fortune"
	},
	{
		"title": "How Six Men Got On in the World"
	},
	{
		"title": "Gossip Wolf and the Fox"
	},
	{
		"title": "The Pink"
	},
	{
		"title": "The Old Man and His Grandson"
	},
	{
		"title": "The Water-Nix"
	},
	{
		"title": "Brother Lustig"
	},
	{
		"title": "Hans in Luck"
	},
	{
		"title": "Hans Married"
	},
	{
		"title": "The Gold-Children"
	},
	{
		"title": "The Singing, Soaring Lark"
	},
	{
		"title": "The Goose-Girl"
	},
	{
		"title": "The Young Giant"
	},
	{
		"title": "The Elves (another story with that title)"
	},
	{
		"title": "The King of the Golden Mountain"
	},
	{
		"title": "The Raven"
	},
	{
		"title": "The Peasant's Wise Daughter"
	},
	{
		"title": "The Three Little Birds"
	},
	{
		"title": "The Water of Life"
	},
	{
		"title": "The Spirit in the Bottle"
	},
	{
		"title": "The Devil's Sooty Brother"
	},
	{
		"title": "Bearskin"
	},
	{
		"title": "The Willow-Wren and the Bear"
	},
	{
		"title": "Sweet Porridge"
	},
	{
		"title": "Wise Folks"
	},
	{
		"title": "Stories About Snakes (called paddocks in this version)"
	},
	{
		"title": "The Poor Miller's Boy and the Cat"
	},
	{
		"title": "The Two Travellers"
	},
	{
		"title": "Hans the Hedgehog"
	},
	{
		"title": "The Shroud"
	},
	{
		"title": "The Skilful Huntsman"
	},
	{
		"title": "The Two Kings' Children"
	},
	{
		"title": "The Cunning Little Tailor"
	},
	{
		"title": "The Bright Sun Brings It to Light"
	},
	{
		"title": "The Blue Light"
	},
	{
		"title": "The Wilful Child"
	},
	{
		"title": "The King's Son Who Feared Nothing"
	},
	{
		"title": "Donkey Cabbages"
	},
	{
		"title": "The Old Woman in the Wood"
	},
	{
		"title": "The Three Brothers"
	},
	{
		"title": "The Devil and His Grandmother"
	},
	{
		"title": "Ferdinand the Faithful"
	},
	{
		"title": "The Iron Stove"
	},
	{
		"title": "The Four Skilful Brothers"
	},
	{
		"title": "One-Eye, Two-Eyes, and Three-Eyes"
	},
	{
		"title": "Fair Katrinelje and Pif-Paf-Poltrie"
	},
	{
		"title": "The Shoes That Were Danced to Pieces"
	},
	{
		"title": "The Six Servants"
	},
	{
		"title": "The White Bride and the Black One"
	},
	{
		"title": "Iron John"
	},
	{
		"title": "The Three Black Princesses"
	},
	{
		"title": "Knoist and His Three Sons"
	},
	{
		"title": "The Maid of Brakel"
	},
	{
		"title": "Domestic Servants"
	},
	{
		"title": "The Lambkin and the Little Fish"
	},
	{
		"title": "Simeli Mountain"
	},
	{
		"title": "Going A-Travelling"
	},
	{
		"title": "The Donkey"
	},
	{
		"title": "The Ungrateful Son"
	},
	{
		"title": "The Turnip"
	},
	{
		"title": "The Old Man Made Young Again"
	},
	{
		"title": "The Three Sluggards"
	},
	{
		"title": "The Shepherd Boy"
	},
	{
		"title": "The Star-Money"
	},
	{
		"title": "The Stolen Farthings"
	},
	{
		"title": "Brides On Their Trial"
	},
	{
		"title": "The Sparrow and His Four Children"
	},
	{
		"title": "Snow-White and Rose-Red"
	},
	{
		"title": "The Glass Coffin"
	},
	{
		"title": "Lazy Harry"
	},
	{
		"title": "The Griffin"
	},
	{
		"title": "Strong Hans"
	},
	{
		"title": "The Hut in the Forest"
	},
	{
		"title": "The Goose-Girl at the Well"
	},
	{
		"title": "Eve's Various Children"
	},
	{
		"title": "The Nix of the Mill-Pond"
	},
	{
		"title": "The Poor Boy in the Grave"
	},
	{
		"title": "The True Sweetheart"
	},
	{
		"title": "The Spindle, The Shuttle, and The Needle"
	},
	{
		"title": "The Sea-Hare"
	},
	{
		"title": "The Master-Thief"
	},
	{
		"title": "The Drummer"
	},
	{
		"title": "The Ear of Corn"
	},
	{
		"title": "Old Rinkrank"
	},
	{
		"title": "The Crystal Ball"
	},
	{
		"title": "Maid Maleen"
	},
	{
		"title": "St. Joseph in the Forest"
	},
	{
		"title": "The Twelve Apostles"
	},
	{
		"title": "The Rose"
	},
	{
		"title": "Poverty and Humility Lead to Heaven"
	},
	{
		"title": "God's Food"
	},
	{
		"title": "The Three Green Twigs"
	},
	{
		"title": "The Aged Mother"
	},
	{
		"title": "The Hazel-Branch"
	},
	{
		"title": "Cat and Mouse in Partnership"
	},
	{
		"title": "The Wonderful Musician"
	},
	{
		"title": "The Pack of Ragamuffins"
	},
	{
		"title": "The Straw, the Coal, and the Bean"
	},
	{
		"title": "The Fisherman and His Wife"
	},
	{
		"title": "The Mouse, the Bird, and the Sausage"
	},
	{
		"title": "The Bremen Town-Musicians"
	},
	{
		"title": "The Louse and the Flea"
	},
	{
		"title": "The Tailor in Heaven"
	},
	{
		"title": "The Wedding of Mrs. Fox (two stories)"
	},
	{
		"title": "The Elves (one more story)"
	},
	{
		"title": "Herr Korbes"
	},
	{
		"title": "The Dog and the Sparrow"
	},
	{
		"title": "Frederick and Catherine"
	},
	{
		"title": "The Little Peasant"
	},
	{
		"title": "Jorinda and Joringel"
	},
	{
		"title": "The Wolf and the Man"
	},
	{
		"title": "The Wolf and the Fox"
	},
	{
		"title": "The Fox and the Cat"
	},
	{
		"title": "Clever Grethel (called Gretel in this version)"
	},
	{
		"title": "The Death of the Little Hen"
	},
	{
		"title": "Gambling Hansel"
	},
	{
		"title": "The Fox and the Geese"
	},
	{
		"title": "The Poor Man and the Rich Man"
	},
	{
		"title": "Old Hildebrand"
	},
	{
		"title": "Doctor Knowall"
	},
	{
		"title": "The Jew Among Thorns"
	},
	{
		"title": "The Flail from Heaven"
	},
	{
		"title": "The Three Army-Surgeons"
	},
	{
		"title": "The Seven Swabians"
	},
	{
		"title": "The Three Apprentices"
	},
	{
		"title": "The Lazy Spinner"
	},
	{
		"title": "The Fox and the Horse"
	},
	{
		"title": "The Lord's Animals and the Devil's"
	},
	{
		"title": "The Beam"
	},
	{
		"title": "The Old Beggar-Woman"
	},
	{
		"title": "Odds and Ends (called hurds in this version)"
	},
	{
		"title": "The Story of Schlauraffen Land"
	},
	{
		"title": "The Ditmarsch Tale of Wonders"
	},
	{
		"title": "A Riddling Tale"
	},
	{
		"title": "The Wise Servant"
	},
	{
		"title": "The Peasant in Heaven"
	},
	{
		"title": "Lean Lisa"
	},
	{
		"title": "Sharing Joy and Sorrow"
	},
	{
		"title": "The Willow-Wren"
	},
	{
		"title": "The Sole"
	},
	{
		"title": "The Bittern and the Hoopoe"
	},
	{
		"title": "The Owl"
	},
	{
		"title": "The Moon"
	},
	{
		"title": "The Duration of Life"
	},
	{
		"title": "Death's Messengers"
	},
	{
		"title": "Master Pfriem"
	},
	{
		"title": "The Little Folks' Presents"
	},
	{
		"title": "The Giant and the Tailor"
	},
	{
		"title": "The Nail"
	},
	{
		"title": "The Hare and the Hedgehog"
	},
	{
		"title": "The Peasant and the Devil"
	},
	{
		"title": "The Crumbs on the Table"
	},
	{
		"title": "The Grave-Mound"
	},
	{
		"title": "The Boots of Buffalo-Leather"
	},
	{
		"title": "The Golden Key (end missing)"
	}
 ]